鷹宮リオン,カスタム名詞,タカミヤリオン
マイクラ,カスタム名詞,マイクラ
にじさんじ,カスタム名詞,ニジサンジ
にじ鯖,カスタム名詞,ニジサバ
シスター・クレア,カスタム名詞,シスタークレア
出雲霞,カスタム名詞,イズモカスミ
しずりん,カスタム名詞,シズリン
FF14,カスタム名詞,エフエフジュウヨン
本間ひまわり,カスタム名詞,ホンマヒマワリ
椎名唯華,カスタム名詞,シイナユイカ
にじさんじ鯖,カスタム名詞,ニジサンジサバ
でびでび・でびる,カスタム名詞,ニジサンジサバ
笹木咲,カスタム名詞,ニジサンジサバ
まいにち,カスタム名詞,マイニチ
小野町春香,カスタム名詞,オノマチハルカ
御伽原江良,カスタム名詞,オトギバラエラ
マリオカート,カスタム名詞,マリオカート
にじさんじSEEDs,カスタム名詞,ニジサンジシーズ
りりむとあそぼう,カスタム名詞,リリムトアソボウ
花畑チャイカ,カスタム名詞,ハナバタケチャイカ
おはガク,カスタム名詞,オハガク
鈴鹿詩子,カスタム名詞,スズカウタコ
剣持刀也,カスタム名詞,ケンモチトウヤ
歌ってみた,カスタム名詞,ウタッテミタ
樋口楓,カスタム名詞,ヒグチカエデ
鈴原るる,カスタム名詞,スズハラルル
マリオメーカー,カスタム名詞,マリオメーカー
緑仙,カスタム名詞,リューシェン
夕陽リリ,カスタム名詞,ユウヒリリ
森中花咲,カスタム名詞,モリナカカザキ
にじさんじゲーマーズ,カスタム名詞,ニジサンジゲーマーズ
マインクラフト,カスタム名詞,マインクラフト
夜見れな,カスタム名詞,ヨルミレナ
にじさんじランド,カスタム名詞,ニジサンジランド
童田明治,カスタム名詞,ワラベダメイジー
鈴木勝,カスタム名詞,スズキマサル
戌亥とこ,カスタム名詞,イヌイトコ
ゼルダの伝説,カスタム名詞,ゼルダノデンセツ
美兎,カスタム名詞,ミト
バイオハザード,カスタム名詞,バイオハザード
舞鈴,カスタム名詞,マリン
伏見ガク,カスタム名詞,フシミガク
Dead by Daylight,カスタム名詞,デッドバイデイライト
葉加瀬冬雪,カスタム名詞,ハカセフユキ
三枝明那,カスタム名詞,サエグサアキナ
舞元,カスタム名詞,マイモト
郡道,カスタム名詞,グンドウ
夢追翔,カスタム名詞,グンドウ
ゲーム実況,カスタム名詞,グンドウ
ジョー・力一,カスタム名詞,グンドウ
歌枠,カスタム名詞,グンドウ
#しずくら,カスタム名詞,グンドウ
瀬戸美夜子,カスタム名詞,グンドウ
勇気ちひろ,カスタム名詞,グンドウ
轟京子,カスタム名詞,グンドウ
加賀美ハヤト,カスタム名詞,グンドウ
視聴者,カスタム名詞,グンドウ
剣持刀也 ,カスタム名詞,グンドウ
町田ちま,カスタム名詞,グンドウ
愛園愛美,カスタム名詞,グンドウ
スマブラ,カスタム名詞,グンドウ
APEX LEGENDS,カスタム名詞,グンドウ
でびリオン,カスタム名詞,グンドウ
マリオメーカー2,カスタム名詞,グンドウ
人狼,カスタム名詞,グンドウ
Project Winter,カスタム名詞,グンドウ
みんなのリズム天国,カスタム名詞,グンドウ
ドン勝,カスタム名詞,グンドウ
魔界ノりりむ,カスタム名詞,グンドウ
葉山舞鈴,カスタム名詞,グンドウ
初見プレイ,カスタム名詞,グンドウ
Getting Over It,カスタム名詞,グンドウ
渋谷ハジメ,カスタム名詞,グンドウ
卯月コウ,カスタム名詞,グンドウ
初配信,カスタム名詞,グンドウ
天宮こころ,カスタム名詞,グンドウ
テトリス99,カスタム名詞,グンドウ
ネタバレ,カスタム名詞,グンドウ
にじさんじプロジェクト,カスタム名詞,グンドウ
モンスターハンター：ワールド,カスタム名詞,グンドウ
マリオメーカー２,カスタム名詞,グンドウ
PLAYERUNKNOWN'S BATTLEGROUNDS,カスタム名詞,グンドウ
雪城眞尋,カスタム名詞,グンドウ
ホラーゲーム,カスタム名詞,グンドウ
紅ズワイガニ,カスタム名詞,グンドウ
シスタークレア,カスタム名詞,グンドウ
マリオワールド,カスタム名詞,グンドウ
実況プレイ,カスタム名詞,グンドウ
勇気,カスタム名詞,グンドウ
社築,カスタム名詞,グンドウ
ロードモバイル,カスタム名詞,グンドウ
即終了,カスタム名詞,グンドウ
自己紹介,カスタム名詞,グンドウ
罰ゲーム,カスタム名詞,グンドウ
オートチェス,カスタム名詞,グンドウ
Dota Auto Chess,カスタム名詞,グンドウ
でろクラ,カスタム名詞,グンドウ
お披露目】,カスタム名詞,グンドウ
モンハン,カスタム名詞,グンドウ
ド葛本社,カスタム名詞,グンドウ
凛月,カスタム名詞,グンドウ
黒井しば,カスタム名詞,グンドウ
反省会,カスタム名詞,グンドウ
月見しずく,カスタム名詞,グンドウ
マリオカート８,カスタム名詞,グンドウ
スプラトゥーン2,カスタム名詞,グンドウ
お絵かき,カスタム名詞,グンドウ
踏み台昇降,カスタム名詞,グンドウ
マリカにじさんじ,カスタム名詞,グンドウ
安土桃,カスタム名詞,グンドウ
陰キャ,カスタム名詞,グンドウ
朝活,カスタム名詞,グンドウ
記念枠,カスタム名詞,グンドウ
お絵描き,カスタム名詞,グンドウ
ぼくのなつやすみ２,カスタム名詞,グンドウ
紅ズワイガニぐんかん,カスタム名詞,グンドウ
仮面ライダージオウ,カスタム名詞,グンドウ
にじさんじ公式,カスタム名詞,グンドウ
セブンスドラゴン2020,カスタム名詞,グンドウ
MHWアイスボーン,カスタム名詞,グンドウ
ピカブイ,カスタム名詞,グンドウ
オリジナル曲,カスタム名詞,グンドウ
ポケットモンスター,カスタム名詞,グンドウ
JK組,カスタム名詞,グンドウ
ひまクラ,カスタム名詞,グンドウ
さんばか,カスタム名詞,グンドウ
ちひろチャンネル,カスタム名詞,グンドウ
ドキドキ文芸部,カスタム名詞,グンドウ
翔onAir,カスタム名詞,グンドウ
素材集め,カスタム名詞,グンドウ
SMC組,カスタム名詞,グンドウ
星のカービィ,カスタム名詞,グンドウ
Splatoon2,カスタム名詞,グンドウ
腐女子,カスタム名詞,グンドウ
夢月ロア,カスタム名詞,グンドウ
黒い砂漠,カスタム名詞,グンドウ
竜胆尊,カスタム名詞,グンドウ
りきいちファーム,カスタム名詞,グンドウ
にじさんじMIX UP!!,カスタム名詞,グンドウ
アフタートーク,カスタム名詞,グンドウ
BGクラブ,カスタム名詞,グンドウ
スプラトゥーン２,カスタム名詞,グンドウ
神田笑一,カスタム名詞,グンドウ
League of Legends,カスタム名詞,グンドウ
マリオカート8DX,カスタム名詞,グンドウ
渋谷カフェ,カスタム名詞,グンドウ
#しぶカフェ,カスタム名詞,グンドウ
#しずくら ,カスタム名詞,グンドウ
#りりむとあそぼう,カスタム名詞,グンドウ
夜活,カスタム名詞,グンドウ
おはガク!,カスタム名詞,グンドウ
#しずりん,カスタム名詞,グンドウ
しずりん生放送,カスタム名詞,グンドウ
#バーチャル凛,カスタム名詞,グンドウ
バーチャルさんはみている,カスタム名詞,グンドウ
生放送 ,カスタム名詞,グンドウ
モンハンワールド,カスタム名詞,グンドウ
月ノ美兎,カスタム名詞,グンドウ
初見,カスタム名詞,グンドウ
にじさんじコラボ,カスタム名詞,グンドウ
でろクラ#,カスタム名詞,グンドウ
の日,カスタム名詞,グンドウ
バイオハザードRE:2,カスタム名詞,グンドウ
テスト配信,カスタム名詞,グンドウ
おしぃりぃ,カスタム名詞,グンドウ
にじさんじ杯,カスタム名詞,グンドウ
リオ生,カスタム名詞,グンドウ
お茶会,カスタム名詞,グンドウ
参加型,カスタム名詞,グンドウ
夕やスミ,カスタム名詞,グンドウ
まほすずラジオ🎀,カスタム名詞,グンドウ
夏祭り,カスタム名詞,グンドウ
マリカにじさんじ杯,カスタム名詞,グンドウ
隻狼,カスタム名詞,グンドウ
伝説対決,カスタム名詞,グンドウ
#翔onAir,カスタム名詞,グンドウ
翔onAir】,カスタム名詞,グンドウ
若女将,カスタム名詞,グンドウ
うみうし,カスタム名詞,グンドウ
同時視聴,カスタム名詞,グンドウ
収益化,カスタム名詞,グンドウ
舞元啓介,カスタム名詞,グンドウ
婚活,カスタム名詞,グンドウ
寝落ち,カスタム名詞,グンドウ
悩み相談,カスタム名詞,グンドウ
深夜雑談,カスタム名詞,グンドウ
郡道美玲,カスタム名詞,グンドウ
PLAYERUNKNOWN'S BATTLEGROUNDS,カスタム名詞,グンドウ
雪山人狼,カスタム名詞,グンドウ
GTA5,カスタム名詞,グンドウ
歌枠,カスタム名詞,グンドウ
Apex legends,カスタム名詞,グンドウ
ぱぶじー,カスタム名詞,グンドウ
初見ぷれい,カスタム名詞,グンドウ
にじさんじGALS,カスタム名詞,グンドウ
Mirrativアーカイブ,カスタム名詞,グンドウ
OTNK組,カスタム名詞,グンドウ
ポケモンORAS,カスタム名詞,グンドウ
マリオカート8,カスタム名詞,グンドウ
桜凛月,カスタム名詞,グンドウ
おっさんゲームス,カスタム名詞,グンドウ
お悩み,カスタム名詞,グンドウ
お兄ちゃん,カスタム名詞,グンドウ
ふぇありす,カスタム名詞,グンドウ
にじさんじレジスタンス,カスタム名詞,グンドウ
歴戦王,カスタム名詞,グンドウ
ドリームクラブ,カスタム名詞,グンドウ
ゼルダの伝説BotW,カスタム名詞,グンドウ
モンスターハンター,カスタム名詞,グンドウ
ゼルダの伝説　,カスタム名詞,グンドウ
町会議,カスタム名詞,グンドウ
料理配信,カスタム名詞,グンドウ
ばったりラジオ,カスタム名詞,グンドウ
女子会,カスタム名詞,グンドウ
リゼアンWeek,カスタム名詞,グンドウ
MoimoiRadio　,カスタム名詞,グンドウ
だいさんじ,カスタム名詞,グンドウ
雀魂,カスタム名詞,グンドウ
ポケモンHGSS,カスタム名詞,グンドウ
壺おじ,カスタム名詞,グンドウ
にじさんじスタジアム,カスタム名詞,グンドウ
りつきん,カスタム名詞,グンドウ
塊魂,カスタム名詞,グンドウ
睡眠誘導,カスタム名詞,グンドウ
公式番組,カスタム名詞,グンドウ
マリオカート８DX,カスタム名詞,グンドウ
にじさんじランド,カスタム名詞,グンドウ
スーパーマリオ,カスタム名詞,グンドウ
耐久配信,カスタム名詞,グンドウ
超会議,カスタム名詞,グンドウ
美少女ゲーム,カスタム名詞,グンドウ
作戦会議,カスタム名詞,グンドウ
プロ野球,カスタム名詞,グンドウ
なつやすみ,カスタム名詞,グンドウ
百合,カスタム名詞,グンドウ
マリカにじさんじ杯 ,カスタム名詞,グンドウ
懺悔室,カスタム名詞,グンドウ
事件簿,カスタム名詞,グンドウ
ラスボス,カスタム名詞,グンドウ
APEXLEGENDS【,カスタム名詞,グンドウ
金ネジキ,カスタム名詞,グンドウ
カップヘッド,カスタム名詞,グンドウ
個性派,カスタム名詞,グンドウ
囚人組,カスタム名詞,グンドウ
チャンネル登録,カスタム名詞,グンドウ
筋トレ,カスタム名詞,グンドウ
楓と美兎,カスタム名詞,グンドウ
The Forest,カスタム名詞,グンドウ
エルフのえる,カスタム名詞,グンドウ
ムジュラの仮面,カスタム名詞,グンドウ
Cooking Simulator,カスタム名詞,グンドウ
相羽ういは,カスタム名詞,グンドウ
文野環,カスタム名詞,グンドウ
ダークソウル3,カスタム名詞,グンドウ
被虐のノエル,カスタム名詞,グンドウ
魔女の家,カスタム名詞,グンドウ
時のオカリナ,カスタム名詞,グンドウ
WinningPost8 2017,カスタム名詞,グンドウ
t.co,カスタム名詞,グンドウ
輝夜,カスタム名詞,グンドウ
輝夜 月,カスタム名詞,グンドウ
